Method,threshold,params,ROC AUC,PR AUC,F1 score,Accuracy,Precision,Recall,TP,TN,FP,FN,Training time,Inference time
EmbedB1,0.5,,0.861687275,0.863312427821703,0.7862536600400678,0.79195,0.8083870286257526,0.7653,7653,8186,1814,2347,168.93005510699004,6.7898178700124845
EmbedB1 [w. threshold],0.488,,0.861687275,0.863312427821703,0.7878880718954249,0.7923,0.8049874791318865,0.7715,7715,8131,1869,2285,168.93005510699004,6.674048503977247
