Method,threshold,params,ROC AUC,PR AUC,F1 score,Accuracy,Precision,Recall,TP,TN,FP,FN,Training time,Inference time
Transformers_FT1,0.5,,0.9379934775197389,0.9389307914104991,0.86159169550173,0.864,0.8769422001243008,0.8467693538707741,4233,4407,594,766,7363,40.78270004800106
