Method,threshold,params,ROC AUC,PR AUC,F1 score,Accuracy,Precision,Recall,TP,TN,FP,FN,Training time,Inference time
EmbedA2,0.5,,0.867185525,0.8672016956910926,0.7933851165121524,0.79385,0.7951783023606228,0.7916,7916,7961,2039,2084,75.33901888004038,2.8509520270163193
EmbedA2 [w. threshold],0.502,,0.867185525,0.8672016956910926,0.7935568044961863,0.7943,0.7964343271555198,0.7907,7907,7979,2021,2093,75.33901888004038,2.7616351490141824
