Method,threshold,params,ROC AUC,PR AUC,F1 score,Accuracy,Precision,Recall,TP,TN,FP,FN,Training time,Inference time
NN Archi01 (RAW + TF-IDF),,,0.8653947991493627,0.8643481610441591,0.7842197253433207,0.78395,0.7806721018095049,0.7877997391391592,7852,7827,2206,2115,1229.830565125012,2.1359118170221336
