Method,threshold,params,ROC AUC,PR AUC,F1 score,Accuracy,Precision,Recall,TP,TN,FP,FN,Training time,Inference time
NN Archi01 (RAW + EM0),,,0.8080390771414302,0.7975945537256106,0.7289083550717637,0.7282899904240324,0.7197371210515158,0.7383163342974578,33950,33738,13220,12033,418.53264759800004,5.907851611998922
