Method,threshold,params,ROC AUC,PR AUC,F1 score,Accuracy,Precision,Recall,TP,TN,FP,FN,Training time,Inference time
Transformers_REF1,0.5,,0.7957343781198911,0.7957798915941672,0.6863513438931508,0.71585,0.7695544554455446,0.6193844008367367,6218,8099,1862,3821,0,41.461311116001525
Transformers_REF2,0.5,,0.8270154139044454,0.8203034766520102,0.6845829053976947,0.7236,0.8012555095498864,0.597569479031776,5999,8473,1488,4040,0,78.02227322599902
