Method,threshold,params,ROC AUC,PR AUC,F1 score,Accuracy,Precision,Recall,TP,TN,FP,FN,Training time,Inference time
ArchiREF,0.5,,0.8765219049999999,0.8794885134347457,0.7907881269191402,0.7956,0.809853249475891,0.7726,7726,8186,1814,2274,339.8483469740022,9.503837177995592
ArchiREF [w. threshold],0.468,,0.8765219049999999,0.8794885134347457,0.7952507389409349,0.79565,0.7968075494428271,0.7937,7937,7976,2024,2063,339.8483469740022,8.022760058986023
Archi000,0.5,,0.5049754499999999,0.5035251947815965,0.5394557503407436,0.51005,0.5089119446661347,0.5739,5739,4462,5538,4261,6.366709733963944,0.8234833549940959
Archi000 [w. threshold],0.453,,0.5049754499999999,0.5035251947815965,0.5405633406758213,0.50985,0.5086883655287995,0.5767,5767,4430,5570,4233,6.366709733963944,0.7814191199140623
Archi100,0.5,,0.84691761,0.847525343951804,0.7702709470626534,0.77065,0.7715461021370523,0.769,7690,7723,2277,2310,105.57953013305087,4.18963011703454
Archi100 [w. threshold],0.556,,0.84691761,0.847525343951804,0.7556253270538985,0.7665,0.7925356750823271,0.722,7220,8110,1890,2780,105.57953013305087,3.9681564039783552
Archi200,0.5,,0.87435044,0.8773194309855479,0.7921868707209022,0.7936,0.7976480129764801,0.7868,7868,8004,1996,2132,219.16974106209818,6.57256574195344
Archi200 [w. threshold],0.487,,0.87435044,0.8773194309855479,0.7940134696931903,0.79355,0.7922349427575909,0.7958,7958,7913,2087,2042,219.16974106209818,7.033489663968794
