Method,threshold,params,ROC AUC,PR AUC,F1 score,Accuracy,Precision,Recall,TP,TN,FP,FN,Training time,Inference time
EmbedA0,0.5,,0.514969005,0.5077411370112537,0.5391469194312796,0.5138,0.5124324324324324,0.5688,5688,4588,5412,4312,10.920612110989168,0.9650768579449505
EmbedA0 [w. threshold],0.514,,0.514969005,0.5077411370112537,0.5004346714395296,0.51155,0.512087912087912,0.4893,4893,5338,4662,5107,10.920612110989168,0.939870408969
