Method,threshold,params,ROC AUC,PR AUC,F1 score,Accuracy,Precision,Recall,TP,TN,FP,FN,Training time,Inference time
EmbedA4,0.5,,0.85949871,0.858084957263848,0.7803174277055833,0.78615,0.8021966416728271,0.7596,7596,8127,1873,2404,58.85302453604527,2.6352963770041242
EmbedA4 [w. threshold],0.47000000000000003,,0.85949871,0.858084957263848,0.7864271457085829,0.786,0.7848605577689243,0.788,7880,7840,2160,2120,58.85302453604527,2.6896467061014846
