Method,threshold,params,ROC AUC,PR AUC,F1 score,Accuracy,Precision,Recall,TP,TN,FP,FN,Training time,Inference time
EmbedA2,0.5,,0.867185525,0.8672016956910926,0.7933851165121524,0.79385,0.7951783023606228,0.7916,7916,7961,2039,2084,75.33901888004038,2.8509520270163193
EmbedA2 [w. threshold],0.502,,0.867185525,0.8672016956910926,0.7935568044961863,0.7943,0.7964343271555198,0.7907,7907,7979,2021,2093,75.33901888004038,2.7616351490141824
EmbedA3,0.5,,0.8667167650000001,0.8664025450074608,0.7921881308033912,0.7941,0.7996128769356153,0.7849,7849,8033,1967,2151,101.61937547300477,2.7074567689560354
EmbedA3 [w. threshold],0.46,,0.8667167650000001,0.8664025450074608,0.7956600361663652,0.79095,0.7781282860147214,0.814,8140,7679,2321,1860,101.61937547300477,3.0860547960037366
