Method,threshold,params,ROC AUC,PR AUC,F1 score,Accuracy,Precision,Recall,TP,TN,FP,FN,Training time,Inference time
NN Archi01 (RAW + TF-IDF),,,0.8408417624486897,0.8374562778091583,0.7639493470518401,0.7614,0.7589935128759583,0.7689703246365266,7722,7506,2452,2320,6702.198889485997,2.064291129994672
NN Archi01 (FILTERED + TF-IDF),,,0.8108671435515967,0.7977655694585248,0.7332152795345308,0.73635,0.7354105348624784,0.7310330912025828,7246,7481,2607,2666,2270.12176850799,2.1400082719919737
NN Archi01 (LEMMATIZED + TF-IDF),,,0.8107462841922478,0.8008283118823163,0.7242442936458976,0.7318,0.7383647798742138,0.7106537530266344,7044,7592,2496,2868,1410.341003507987,2.3022707250202075
NN Archi01 (RAW + Word2Vec),,,0.7974999978999631,0.7958932893767677,0.7280835007595433,0.72255,0.7167390255668113,0.7397928699462258,7429,7022,2936,2613,557.2143417469924,2.670516887999838
NN Archi01 (RAW + FastText),,,0.7736650174509078,0.7701360343892443,0.7146418640329849,0.7024,0.6890717455621301,0.7421828321051583,7453,6595,3363,2589,557.2143417469924,2.733755000983365
