Method,threshold,params,ROC AUC,PR AUC,F1 score,Accuracy,Precision,Recall,TP,TN,FP,FN,Training time,Inference time
Transformers_REF1,0.5,,0.7957343781198911,0.7957798915941672,0.6863513438931508,0.71585,0.7695544554455446,0.6193844008367367,6218,8099,1862,3821,0,41.461311116001525
