Method,threshold,params,ROC AUC,PR AUC,F1 score,Accuracy,Precision,Recall,TP,TN,FP,FN,Training time,Inference time
ArchiREF,0.5,,0.8765219049999999,0.8794885134347457,0.7907881269191402,0.7956,0.809853249475891,0.7726,7726,8186,1814,2274,339.8483469740022,9.503837177995592
ArchiREF [w. threshold],0.468,,0.8765219049999999,0.8794885134347457,0.7952507389409349,0.79565,0.7968075494428271,0.7937,7937,7976,2024,2063,339.8483469740022,8.022760058986023
